{
	"NUMBER_OF_LANES": 4,
    "TRACK_LENGTH": 1500,
    "MIN_LANE": 1,
    "MAX_LANE": 4,
    "MAX_ROUNDS": 600,

    "EMPTY_PLAYER": 0,
    "DEFAULT_HEALTH":0,
    "DEFAULT_SCORE":0,

    "READY_PLAYER_STATE": "READY",
    "NOTHING_PLAYER_STATE": "NOTHING",
    "TURNING_LEFT_PLAYER_STATE": "TURNING_LEFT",
    "TURNING_RIGHT_PLAYER_STATE": "TURNING_RIGHT",
    "ACCELERATING_PLAYER_STATE": "ACCELERATING",
    "DECELERATING_PLAYER_STATE": "DECELERATING",
    "PICKED_UP_POWERUP_PLAYER_STATE": "PICKED_UP_POWERUP",
    "USED_POWERUP_BOOST_PLAYER_STATE": "USED_BOOST",
    "USED_POWERUP_OIL_PLAYER_STATE": "USED_OIL",
    "USED_POWERUP_LIZARD_PLAYER_STATE": "USED_LIZARD",
    "USED_POWERUP_TWEET_PLAYER_STATE": "USED_TWEET",
    "USED_POWERUP_EMP_PLAYER_STATE": "USED_EMP",
    "HIT_MUD_PLAYER_STATE": "HIT_MUD",
    "HIT_OIL_PLAYER_STATE": "HIT_OIL",
    "HIT_WALL_PLAYER_STATE": "HIT_WALL",
    "HIT_CYBER_TRUCK_PLAYER_STATE": "HIT_CYBER_TRUCK",
    "HIT_EMP_PLAYER_STATE": "HIT_EMP",
    "FIX_CAR_PLAYER_STATE": "FIXED_CAR",
    "FINISHED_PLAYER_STATE": "FINISHED",

    "MINIMUM_SPEED": 0,
    "SPEED_STATE_1": 3,
    "INITIAL_SPEED": 5,
    "SPEED_STATE_2": 6,
    "SPEED_STATE_3": 8,
    "MAXIMUM_SPEED": 9,
    "BOOST_SPEED": 15,

    "PLAYER_ONE_START_LANE": 1,
    "PLAYER_ONE_START_BLOCK": 1,
    "PLAYER_TWO_START_LANE": 4,
    "PLAYER_TWO_START_BLOCK": 1,

    "EMPTY_MAP_OBJECT": 0,

    "STARTING_BLOCK_FOR_GENERATED_MAP_OBJECTS": 6,
    "EMP_BLOCK_GAP": 0,

    "MUD_GENERATION_PERCENTAGE": 5,
    "BOOST_GENERATION_PERCENTAGE": 1,
    "OIL_ITEM_GENERATION_PERCENTAGE": 1,
    "WALL_GENERATION_PERCENTAGE": 1.25,
    "TWEET_GENERATION_PERCENTAGE": 1,
    "LIZARD_GENERATION_PERCENTAGE": 1,
    "EMP_GENERATION_PERCENTAGE": 1,

    "MUD_MAP_OBJECT": 1,
    "OIL_SPILL_MAP_OBJECT": 2,
    "OIL_ITEM_MAP_OBJECT": 3,
    "FINISH_LINE_MAP_OBJECT": 4,
    "BOOST_MAP_OBJECT": 5,
    "WALL_MAP_OBJECT": 6,
    "LIZARD_MAP_OBJECT": 7,
    "TWEET_MAP_OBJECT": 8,
    "EMP_MAP_OBJECT": 9,

    "OIL_POWERUP_ITEM": "OIL",
    "LIZARD_POWERUP_ITEM": "LIZARD",
    "BOOST_POWERUP_ITEM":"BOOST",
    "TWEET_POWERUP_ITEM":"TWEET",
    "EMP_POWERUP_ITEM":"EMP",
    "BOOST_DURATION": 5,

    "NO_COMMAND": "NO COMMAND",
    "NOTHING_COMMAND": "NOTHING",

    "TURN_LEFT_COMMAND": "TURN_LEFT",
    "TURN_RIGHT_COMMAND": "TURN_RIGHT",
    "CHANGE_LANE_PENALTY": 1,

    "ACCELERATE_COMMAND": "ACCELERATE",
    "DECELERATE_COMMAND": "DECELERATE",

    "USE_BOOST_COMMAND": "USE_BOOST",
    "USE_OIL_COMMAND": "USE_OIL",
    "USE_LIZARD_COMMAND": "USE_LIZARD",
    "USE_TWEET_COMMAND": "USE_TWEET",
    "USE_EMP_COMMAND": "USE_EMP",

    "FIX_COMMAND": "FIX",

    "BACKWARD_VISIBILITY":5,
    "FORWARD_VISIBILITY": 20,

    "HIT_MUD_SCORE_PENALTY": -3,
    "HIT_OIL_SCORE_PENALTY": -4,
    "HIT_WALL_SCORE_PENALTY": -5,
    "HIT_CYBERTRUCK_SCORE_PENALTY": -7,
    "HIT_EMP_SCORE_PENALTY": -7,
    "PICKUP_POWERUP_BONUS": 4,
    "USE_POWERUP_BONUS": 4,
    "INVALID_COMMAND_PENALTY": -3,

	"csvSeparator": ",",

    "RACER_PLACEMENT_SORTING": -1,

    "DAMAGE_MUD": 1,
    "DAMAGE_OIL": 1,
    "DAMAGE_WALL": 2,
    "DAMAGE_CYBERTRUCK": 2,

    "DAMAGE_REPAIR_VALUE": 2,
    "DAMAGE_MAX_VALUE": 5
}