{
  "round-state-output-location": "./match-logs",
  "game-config-file-location": "game-config.json",
  "game-engine-jar": "game-engine.jar",
  "verbose-mode": true,
  "max-runtime-ms": 1000,
  "player-a": "./starter-bots/javascript",
  "player-b": "./reference-bot/java",
  "max-request-retries": 10,
  "request-timeout-ms": 5000,
  "is-tournament-mode": false,
  "tournament": {
    "connection-string": "",
    "bots-container": "",
    "match-logs-container": "",
    "game-engine-container": "",
    "api-endpoint": "http://localhost"
  }
}
